office_name,office_name_short,agency,field_office_name,sub_office,address,city,state,zip,zip_4,address_full,area,office_latitude,office_longitude
"Office of the Principal Legal Advisor, Los Angeles (Adelanto)",Adelanto - OPLA,OPLA,,FALSE,10250 Rancho Road,Adelanto,CA,92301,92301,"10250 Rancho Road, Adelanto, CA 92301",,34.5592376,-117.4415063
"Office of the Principal Legal Advisor, Washington, D.C. (Annandale)",Annandale - OPLA,OPLA,,FALSE,7619 Little River Turnpike Suite 900,Annandale,VA,22003,22003,"7619 Little River Turnpike Suite 900, Annandale, VA 22003",District of Columbia and Virginia (Annandale Immigration Court),38.8317646,-77.2099851
"Office of the Principal Legal Advisor, Atlanta",Atlanta - OPLA,OPLA,,FALSE,"180 Ted Turner Drive, SW, Suite 332",Atlanta,GA,30303,30303,"180 Ted Turner Drive, SW, Suite 332, Atlanta, GA 30303","Georgia, North Carolina, and South Carolina",33.7495264,-84.3973924
Atlanta Field Office,Atlanta - ERO,ERO,,FALSE,180 Ted Turner Dr. SW Suite 522,Atlanta,GA,30303,30303,"180 Ted Turner Dr. SW Suite 522, Atlanta, GA 30303","Georgia, North Carolina, South Carolina",33.749609,-84.3973461
"Office of the Principal Legal Advisor, Atlanta",Atlanta - OPLA,OPLA,,FALSE,"401 W. Peachtree Street, NW, Suite 2850",Atlanta,GA,30308,30308,"401 W. Peachtree Street, NW, Suite 2850, Atlanta, GA 30308",,33.7653676,-84.387193
HSI Atlanta,Atlanta - HSI,HSI,,FALSE,1100 Centre Parkway,Atlanta,GA,30344,30344,"1100 Centre Parkway, Atlanta, GA 30344","Alabama, Georgia",33.6533818,-84.5124864
Atlanta – Community Relations Officer,Atlanta - OPE,OPE,,FALSE,,Atlanta,GA,,,,"Georgia, South Carolina, North Carolina",,
"Office of the Principal Legal Advisor, Baltimore",Baltimore - OPLA,OPLA,,FALSE,"31 Hopkins Plaza, Room 1600",Baltimore,MD,21201,21201,"31 Hopkins Plaza, Room 1600, Baltimore, MD 21201",Maryland,39.2880994,-76.6167868
Baltimore Field Office,Baltimore - ERO,ERO,,FALSE,31 Hopkins Plaza 6th Floor,Baltimore,MD,21201,21201,"31 Hopkins Plaza 6th Floor, Baltimore, MD 21201",Maryland,39.2879833,-76.616563
Baltimore - Community Relations Officer,Baltimore - OPE,OPE,,FALSE,"40 South Gay Street, 3rd Floor",Baltimore,MD,21202,21202,"40 South Gay Street, 3rd Floor, Baltimore, MD 21202",Maryland,39.2881981,-76.6092072
HSI Baltimore,Baltimore - HSI,HSI,,FALSE,40 South Gay Street 3rd Floor,Baltimore,MD,21202,21202,"40 South Gay Street 3rd Floor, Baltimore, MD 21202",Maryland,39.2881981,-76.6092072
"Office of the Principal Legal Advisor, Buffalo (Batavia)",Batavia - OPLA,OPLA,,FALSE,4250 Federal Drive,Batavia,NY,14020,14020,"4250 Federal Drive, Batavia, NY 14020",,43.0201451,-78.2023932
"Office of the Principal Legal Advisor, Boston",Boston - OPLA,OPLA,,FALSE,"15 New Sudbury Street, Room 425",Boston,MA,02203,02203,"15 New Sudbury Street, Room 425, Boston, MA 02203","Connecticut, Maine, Massachusetts, New Hampshire, Rhode Island, and Vermont",42.3609639,-71.0603133
HSI Boston,Boston - HSI,HSI,,FALSE,10 Causeway Street Room 722,Boston,MA,02222,02222,"10 Causeway Street Room 722, Boston, MA 02222","Connecticut, Maine, Massachusetts, New Hampshire, Rhode Island, Vermont",42.3651716,-71.0633103
"Office of the Principal Legal Advisor, Detroit (Cleveland)",Brooklyn Heights - OPLA,OPLA,,FALSE,"925 Keynote Circle, Room 201",Brooklyn Heights,OH,44131,44131,"925 Keynote Circle, Room 201, Brooklyn Heights, OH 44131",,41.4117491,-81.6655486
HSI Buffalo,Buffalo - HSI,HSI,,FALSE,250 Delaware Ave Suite 814,Buffalo,NY,14202,14202,"250 Delaware Ave Suite 814, Buffalo, NY 14202",New York state(minus New York City surrounding areas),42.8911691,-78.8769453
"Office of the Principal Legal Advisor, Buffalo",Buffalo - OPLA,OPLA,,FALSE,"250 Delaware Avenue, Suite 773",Buffalo,NY,14202,14202,"250 Delaware Avenue, Suite 773, Buffalo, NY 14202",Northern and Western New York,42.8911691,-78.8769453
Buffalo - Community Relations Officer,Buffalo - OPE,OPE,,FALSE,"130 Delaware Avenue, Ste 300",Buffalo,NY,14202,14202,"130 Delaware Avenue, Ste 300, Buffalo, NY 14202","Western, Central & Northern New York State",42.8880416,-78.8778238
Buffalo Field Office,Buffalo - ERO,ERO,,FALSE,"250 Delaware Avenue, Floor 7",Buffalo,NY,14202,14202,"250 Delaware Avenue, Floor 7, Buffalo, NY 14202",Upstate New York,42.8911691,-78.8769453
Boston Field Office,Burlington - ERO,ERO,,FALSE,1000 District Avenue,Burlington,MA,01803,01803,"1000 District Avenue, Burlington, MA 01803","Connecticut, Maine, Massachusetts, New Hampshire, Rhode Island, Vermont",42.4825992,-71.2088135
"Office of the Principal Legal Advisor, Denver",Centennial - OPLA,OPLA,,FALSE,12445 East Caley Avenue,Centennial,CO,80111,80111-6432,"12445 East Caley Avenue, Centennial, CO 80111-6432","Colorado, Idaho (ERO) , Montana, Utah, and Wyoming",39.6015038,-104.8449885
Denver - Community Relations Officer,Centennial - OPE,OPE,,FALSE,12445 E. Caley Ave,Centennial,CO,80111,80111,"12445 E. Caley Ave, Centennial, CO 80111","Colorado, Utah, Idaho, Montana and Wyoming",39.6015038,-104.8449885
Denver Field Office,Centennial - ERO,ERO,,FALSE,12445 E. Caley Avenue,Centennial,CO,80111,80111,"12445 E. Caley Avenue, Centennial, CO 80111","Colorado, Wyoming",39.6015038,-104.8449885
Washington – Community Relations Officer,Chantilly - OPE,OPE,,FALSE,14797 Murdock Street Mail Stop 5216,Chantilly,VA,20598,20598-5216,"14797 Murdock Street Mail Stop 5216, Chantilly, VA 20598-5216",District of Columbia and Virginia,38.9114848,-77.4586768
Washington Field Office,Chantilly - ERO,ERO,,FALSE,14797 Murdock Street Mail Stop 5216,Chantilly,VA,20598,20598-5216,"14797 Murdock Street Mail Stop 5216, Chantilly, VA 20598-5216",District of Columbia and Virginia,38.9114848,-77.4586768
"Office of the Principal Legal Advisor, El Paso (Chaparral)",Chaparral - OPLA,OPLA,,FALSE,26 McGregor Range Road,Chaparral,NM,88081,88081,"26 McGregor Range Road, Chaparral, NM 88081",,32.0768294,-106.2549005
HSI Charlotte,Charlotte - HSI,HSI,,FALSE,3700 Arco Corporate Drive Suite 300,Charlotte,NC,28273,28273,"3700 Arco Corporate Drive Suite 300, Charlotte, NC 28273","North Carolina, South Carolina",35.15147,-80.94743
"Office of the Principal Legal Advisor, Atlanta (Charlotte)",Charlotte - OPLA,OPLA,,FALSE,"5701 Executive Center Drive, Suite 300",Charlotte,NC,28212,28212,"5701 Executive Center Drive, Suite 300, Charlotte, NC 28212",,35.20041,-80.74324
Chicago - Community Relations Officer,Chicago - OPE,OPE,,FALSE,101 W Ida B. Wells Parkway,Chicago,IL,60605,60605,"101 W Ida B. Wells Parkway, Chicago, IL 60605","Illinois, Kansas, Indiana, Kentucky, Missouri, Wisconsin",41.8753905,-87.6309402
"Office of the Principal Legal Advisor, Chicago",Chicago - OPLA,OPLA,,FALSE,55 E. Monroe Street Suite 1400,Chicago,IL,60603,60603,"55 E. Monroe Street Suite 1400, Chicago, IL 60603","Illinois, Indiana, Kansas, Kentucky, Missouri, and Wisconsin",41.8806789,-87.6257047
Chicago Field Office,Chicago - ERO,ERO,,FALSE,101 W Ida B Wells Drive Suite 4000,Chicago,IL,60605,60605,"101 W Ida B Wells Drive Suite 4000, Chicago, IL 60605","Illinois, Indiana, Wisconsin, Missouri, Kentucky, Kansas",41.8753905,-87.6309402
"Office of the Principal Legal Advisor, Houston (Conroe)",Conroe - OPLA,OPLA,,FALSE,806 Hilbig Road Suite 2-201,Conroe,TX,77301,77301,"806 Hilbig Road Suite 2-201, Conroe, TX 77301",,30.336088,-95.4425046
Dallas Field Office,Dallas - ERO,ERO,,FALSE,8101 N. Stemmons Frwy,Dallas,TX,75247,75247,"8101 N. Stemmons Frwy, Dallas, TX 75247","North Texas, Oklahoma",32.8235915,-96.8721529
Dallas - Community Relations Officer,Dallas - OPE,OPE,,FALSE,8101 N. Stemmons Freeway,Dallas,TX,75247,75247,"8101 N. Stemmons Freeway, Dallas, TX 75247",North Texas and Oklahoma,32.8235915,-96.8721529
Detroit Field Office,Detroit - ERO,ERO,,FALSE,985 Michigan Avenue Suite 207,Detroit,MI,48226,48226,"985 Michigan Avenue Suite 207, Detroit, MI 48226","Michigan, Ohio",42.3312672,-83.0589217
HSI Detroit,Detroit - HSI,HSI,,FALSE,477 Michigan Avenue Suite 1850,Detroit,MI,48226,48226,"477 Michigan Avenue Suite 1850, Detroit, MI 48226","Michigan, Ohio",42.3314645,-83.053233
Detroit - Community Relations Officer,Detroit - OPE,OPE,,FALSE,"477 Michigan Avenue, Ste 1850",Detroit,MI,48226,48226,"477 Michigan Avenue, Ste 1850, Detroit, MI 48226",Michigan and Ohio,42.3314645,-83.053233
"Office of the Principal Legal Advisor, Detroit",Detroit - OPLA,OPLA,,FALSE,"985 Michigan Avenue, Suite 1010",Detroit,MI,48226,48226,"985 Michigan Avenue, Suite 1010, Detroit, MI 48226",Michigan and Ohio,42.3312672,-83.0589217
"Office of the Principal Legal Advisor, San Antonio (Dilley)",Dilley - OPLA,OPLA,,FALSE,300 El Rancho Way,Dilley,TX,78017,78017,"300 El Rancho Way, Dilley, TX 78017",,28.6578745,-99.2003862
El Paso Field Office,El Paso - ERO,ERO,,FALSE,11541 Montana Ave Suite E,El Paso,TX,79936,79936,"11541 Montana Ave Suite E, El Paso, TX 79936","West Texas, New Mexico",31.804214,-106.2910235
HSI El Paso,El Paso - HSI,HSI,,FALSE,11541 Montana Avenue Suite H,El Paso,TX,79936,79936,"11541 Montana Avenue Suite H, El Paso, TX 79936","New Mexico, northwest Texas",31.804214,-106.2910235
El Paso - Community Relations Officer,El Paso - OPE,OPE,,FALSE,11541 Montana Avenue,El Paso,TX,79925,79925,"11541 Montana Avenue, El Paso, TX 79925",West Texas and New Mexico,31.804214,-106.2910235
"Office of the Principal Legal Advisor, El Paso",El Paso - OPLA,OPLA,,FALSE,"11541 Montana Avenue, Suite O",El Paso,TX,79936,79936,"11541 Montana Avenue, Suite O, El Paso, TX 79936",West Texas and New Mexico,31.804214,-106.2910235
"Office of the Principal Legal Advisor, Newark (Elizabeth)",Elizabeth - OPLA,OPLA,,FALSE,"625 Evans Street, Room 135",Elizabeth,NJ,07201,07201,"625 Evans Street, Room 135, Elizabeth, NJ 07201",,40.6660324,-74.1898667
"Office of the Principal Legal Advisor, Phoenix (Eloy)",Eloy - OPLA,OPLA,,FALSE,1705 East Hanna Road,Eloy,AZ,85131,85131,"1705 East Hanna Road, Eloy, AZ 85131",,32.8176183,-111.5200907
Special Agent in Charge – East,Fairfax - OPR,OPR,,FALSE,,Fairfax,VA,22030,22030,,,,
"Office of the Principal Legal Advisor, Phoenix (Florence)",Florence - OPLA,OPLA,,FALSE,3250 N. Pinal Parkway Avenue,Florence,AZ,85132,85132,"3250 N. Pinal Parkway Avenue, Florence, AZ 85132",,33.0639503,-111.3794387
St. Paul - Community Relations Officer,Fort Snelling - OPE,OPE,,FALSE,"1 Federal Drive, Ste 1340",Fort Snelling,MN,55111,55111,"1 Federal Drive, Ste 1340, Fort Snelling, MN 55111","Minnesota, Iowa, Nebraska, South Dakota, North Dakota",44.8941305,-93.1948495
"Office of the Principal Legal Advisor, Minneapolis-St. Paul",Fort Snelling - OPLA,OPLA,,FALSE,"1 Federal Drive, Suite 1800",Fort Snelling,MN,55111,55111,"1 Federal Drive, Suite 1800, Fort Snelling, MN 55111","Iowa, Minnesota, Nebraska, North Dakota and South Dakota",44.8941305,-93.1948495
St. Paul Field Office,Fort Snelling - ERO,ERO,,FALSE,1 Federal Drive Suite 1601,Fort Snelling,MN,55111,55111,"1 Federal Drive Suite 1601, Fort Snelling, MN 55111","Iowa, Minnesota, Nebraska, North Dakota, South Dakota",44.8941668,-93.1948264
HSI Minneapolis/St. Paul,Fort Snelling - HSI,HSI,,FALSE,1 Federal Drive Suite 1340,Fort Snelling,MN,55111,55111,"1 Federal Drive Suite 1340, Fort Snelling, MN 55111","Minnesota, North Dakota, South Dakota",44.8941305,-93.1948495
HSI Denver,Greenwood Village - HSI,HSI,,FALSE,5445 DTC Pkwy Suite 600,Greenwood Village,CO,80111,80111,"5445 DTC Pkwy Suite 600, Greenwood Village, CO 80111","Colorado, Montana, Wyoming",39.6179652,-104.8971616
"Office of the Principal Legal Advisor, Miami (San Juan)",Guaynabo - OPLA,OPLA,,FALSE,7 Tabonuco Street Room 300 (Suite 313),Guaynabo,PR,00968,00968,"7 Tabonuco Street Room 300 (Suite 313), Guaynabo, PR 00968",,18.4073024,-66.1070664
"Office of the Principal Legal Advisor, San Antonio (Harlingen)",Harlingen - OPLA,OPLA,,FALSE,"1717 Zoy Street, Annex",Harlingen,TX,78552,78552,"1717 Zoy Street, Annex, Harlingen, TX 78552",,26.1776479,-97.714091
Harlingen Field Office,Harlingen - ERO,ERO,,FALSE,1717 Zoy Street,Harlingen,TX,78552,78552,"1717 Zoy Street, Harlingen, TX 78552",South Texas,26.1776479,-97.714091
Harlingen - Community Relations Officer,Harlingen - OPE,OPE,,FALSE,1717 Zoy Street,Harlingen,TX,78552,78552,"1717 Zoy Street, Harlingen, TX 78552",Harlingen,26.1776479,-97.714091
"Office of the Principal Legal Advisor, Boston (Hartford)",Hartford - OPLA,OPLA,,FALSE,"450 Main Street, Room 483",Hartford,CT,06103,06103-3060,"450 Main Street, Room 483, Hartford, CT 06103-3060",,41.7613805,-72.6734969
HSI Honolulu,Honolulu - HSI,HSI,,FALSE,595 Ala Moana Boulevard,Honolulu,HI,96813,96813,"595 Ala Moana Boulevard, Honolulu, HI 96813","Guam, Hawaii, Northern Mariana Islands",21.2999288,-157.8638944
"Office of the Principal Legal Advisor, Honolulu",Honolulu - OPLA,OPLA,,FALSE,300 Ala Moana Boulevard Suite 7-220,Honolulu,HI,96850,96850,"300 Ala Moana Boulevard Suite 7-220, Honolulu, HI 96850","Hawaii, Northern Mariana Islands, Guam, Saipan",21.3034692,-157.8623345
Houston Field Office,Houston - ERO,ERO,,FALSE,126 Northpoint Drive,Houston,TX,77060,77060,"126 Northpoint Drive, Houston, TX 77060",Southeast Texas,29.9375017,-95.40659
"Office of the Principal Legal Advisor, Houston",Houston - OPLA,OPLA,,FALSE,"126 Northpoint Drive, Room 2020",Houston,TX,77060,77060,"126 Northpoint Drive, Room 2020, Houston, TX 77060",Southeast Texas,29.937506,-95.4065713
Houston - Community Relations Officer,Houston - OPE,OPE,,FALSE,4141 N. Sam Houston Parkway East #300,Houston,TX,77032,77032,"4141 N. Sam Houston Parkway East #300, Houston, TX 77032","Houston and Gulf Coast to include Beaumont to Galveston and Corpus Christi, Texas",29.9398595,-95.3264683
"Office of the Principal Legal Advisor, Hyattsville",Hyattsville - OPLA,OPLA,,FALSE,6505 Belcrest Road Suite 450,Hyattsville,MD,20782,20782,"6505 Belcrest Road Suite 450, Hyattsville, MD 20782",,38.9679242,-76.9526035
"Office of the Principal Legal Advisor, Imperial",Imperial - OPLA,OPLA,,FALSE,2409 La Brucherie Road Suite 3,Imperial,CA,92251,92251,"2409 La Brucherie Road Suite 3, Imperial, CA 92251",,32.8266637,-115.5793027
"Office of The Principal Legal Advisor, Chicago (Indianapolis)",Indianapolis - OPLA,OPLA,,FALSE,575 N. Pennsylvania Street Suite 646,Indianapolis,IN,46204,46204,"575 N. Pennsylvania Street Suite 646, Indianapolis, IN 46204",,39.7747274,-86.1552244
"Office of the Principal Legal Advisor, Dallas",Irving - OPLA,OPLA,,FALSE,"125 E. John Carpenter Fwy., Suite 500",Irving,TX,75062,75062,"125 E. John Carpenter Fwy., Suite 500, Irving, TX 75062",North Texas and Oklahoma,32.8677371,-96.9414203
HSI Dallas,Irving - HSI,HSI,,FALSE,125 E. John Carpenter Freeway Suite 800,Irving,TX,75062,75062,"125 E. John Carpenter Freeway Suite 800, Irving, TX 75062","Oklahoma, northern Texas",32.8700984,-96.9432454
"Office of the Principal Legal Advisor, New Orleans (Jena)",Jena - OPLA,OPLA,,FALSE,830 Pinehill Road,Jena,LA,71342,71342,"830 Pinehill Road, Jena, LA 71342",,31.7089427,-92.1505809
"Office of the Principal Legal Advisor, Chicago (Kansas City)",Kansas City - OPLA,OPLA,,FALSE,"2345 Grand Boulevard, Suite 500",Kansas City,MO,64108,64108,"2345 Grand Boulevard, Suite 500, Kansas City, MO 64108",,39.0850666,-94.5808617
HSI Kansas City,Kansas City - HSI,HSI,,FALSE,4100 N Mulberry Drive Suite 225,Kansas City,MO,64116,64116,"4100 N Mulberry Drive Suite 225, Kansas City, MO 64116","Iowa, Kansas, Missouri, Nebraska",39.1677085,-94.5987629
Joint Interagency Task Force (JIATF),Key West - JIATF,JIATF,,FALSE,9051 Truman Annex NAS Key West,Key West,FL,33040,33040,"9051 Truman Annex NAS Key West, Key West, FL 33040",,24.5484435,-81.8068471
"Office of the Principal Legal Advisor, Los Angeles (Las Vegas)",Las Vegas - OPLA,OPLA,,FALSE,"501 S. Las Vegas Blvd, Suite 200",Las Vegas,NV,89101,89101,"501 S. Las Vegas Blvd, Suite 200, Las Vegas, NV 89101",,36.1643148,-115.143607
HSI Las Vegas,Las Vegas - HSI,HSI,,FALSE,501 Las Vegas Boulevard South Suite 536,Las Vegas,NV,89101,89101,"501 Las Vegas Boulevard South Suite 536, Las Vegas, NV 89101","Nevada, Utah",36.1642497,-115.1434662
HSI Chicago,Lombard - HSI,HSI,,FALSE,747 E. 22nd Street Suite 300,Lombard,IL,60148,60148,"747 E. 22nd Street Suite 300, Lombard, IL 60148","Illinois, Indiana, Wisconsin",41.8452539,-87.9993091
Los Angeles - Community Relations Officer,Long Beach - OPE,OPE,,FALSE,"501 West Ocean Boulevard, Ste 7200",Long Beach,CA,90802,90802,"501 West Ocean Boulevard, Ste 7200, Long Beach, CA 90802","Los Angeles, Orange, Riverside, San Bernardino, Ventura and Clark California",33.7677716,-118.198337
"Office of the Principal Legal Advisor, Los Angeles",Los Angeles - OPLA,OPLA,,FALSE,"606 South Olive Street, 8th Floor",Los Angeles,CA,90014,90014,"606 South Olive Street, 8th Floor, Los Angeles, CA 90014",Greater Los Angeles Metropolitan Area and Nevada,34.0477206,-118.2541013
Los Angeles Field Office,Los Angeles - ERO,ERO,,FALSE,300 North Los Angeles St. Room 7631,Los Angeles,CA,90012,90012,"300 North Los Angeles St. Room 7631, Los Angeles, CA 90012","Los Angeles Metropolitan Area (Counties of Los Angeles, Orange, Riverside, San Bernardino), and Central Coast (Counties of Ventura, Santa Barbara and San Luis Obispo)",34.0537633,-118.2397336
"Office of the Principal Legal Advisor, Los Angeles (North Los Angeles)",Los Angeles - OPLA,OPLA,,FALSE,300 N. Los Angeles Street Suite 1240,Los Angeles,CA,90012,90012,"300 N. Los Angeles Street Suite 1240, Los Angeles, CA 90012",,34.0537633,-118.2397336
HSI Los Angeles,Los Angeles - HSI,HSI,,FALSE,300 N. Los Angeles Street Room 6075,Los Angeles,CA,90012,90012,"300 N. Los Angeles Street Room 6075, Los Angeles, CA 90012",Los Angeles and central California,34.0537633,-118.2397336
"Office of the Principal Legal Advisor, San Antonio (Los Fresnos)",Los Fresnos - OPLA,OPLA,,FALSE,27991 Buena Vista Blvd,Los Fresnos,TX,78566,78566,"27991 Buena Vista Blvd, Los Fresnos, TX 78566",,26.1569011,-97.3505561
"Office of the Principal Legal Advisor, Atlanta (Lumpkin)",Lumpkin - OPLA,OPLA,,FALSE,146 CCA Road,Lumpkin,GA,31815,31815,"146 CCA Road, Lumpkin, GA 31815",,32.0365622,-84.7713749
"Office of the Principal Legal Advisor, New Orleans (Memphis)",Memphis - OPLA,OPLA,,FALSE,"80 Monroe Avenue, Suite 200",Memphis,TN,38103,38103,"80 Monroe Avenue, Suite 200, Memphis, TN 38103",,35.1443971,-90.0535269
Miami (HSI Caribbean),Miami - HSI,HSI,,FALSE,11226 NW 20th Street,Miami,FL,33172,33172,"11226 NW 20th Street, Miami, FL 33172",,25.7914614,-80.3784806
"Office of the Principal Legal Advisor, Miami",Miami - OPLA,OPLA,,FALSE,"333 S. Miami Avenue, Suite 200",Miami,FL,33130,33130,"333 S. Miami Avenue, Suite 200, Miami, FL 33130","South Florida, Puerto Rico, and the Virgin Islands",25.7710405,-80.1930838
"Office of the Principal Legal Advisor, Miami",Miami - OPLA,OPLA,,FALSE,18201 SW 12th Street,Miami,FL,33194,33194-2700,"18201 SW 12th Street, Miami, FL 33194-2700",,25.7543477,-80.4891143
Miami - Community Relations Officer,Miami - OPE,OPE,,FALSE,11226 NW 20th Street,Miami,FL,33172,33172,"11226 NW 20th Street, Miami, FL 33172",South Florida,25.7914614,-80.3784806
HSI Miami,Miami - HSI,HSI,,FALSE,11226 Northwest 20th Street,Miami,FL,33172,33172,"11226 Northwest 20th Street, Miami, FL 33172",Eastern and southern Florida,25.7914614,-80.3784806
Miramar Sub Office,Miramar - ERO,ERO,,FALSE,2805 SW 145th Ave,Miramar,FL,33027,33027,"2805 SW 145th Ave, Miramar, FL 33027","Florida, Puerto Rico, U.S. Virgin Islands",25.9827432,-80.3394602
HSI Nashville,Nashville - HSI,HSI,,FALSE,501 Brick Church Park Drive,Nashville,TN,37207,37207,"501 Brick Church Park Drive, Nashville, TN 37207","Kentucky, Tennessee",36.2251232,-86.7865862
"Office of the Principal Legal Advisor, New Orleans",New Orleans - OPLA,OPLA,,FALSE,423 Canal Street Suite 450,New Orleans,LA,70130,70130,"423 Canal Street Suite 450, New Orleans, LA 70130","Alabama, Arkansas, Kentucky, Louisiana, Mississippi, and Tennessee",29.9521743,-90.0663559
New Orleans - Community Relations Officer,New Orleans - OPE,OPE,,FALSE,"1250 Poydras Street, Ste 2200",New Orleans,LA,70113,70113,"1250 Poydras Street, Ste 2200, New Orleans, LA 70113","Louisiana, Tennessee, Alabama, Arkansas, Mississippi",29.9507683,-90.0767572
HSI New Orleans,New Orleans - HSI,HSI,,FALSE,1250 Poydras Street Suite 2200,New Orleans,LA,70113,70113,"1250 Poydras Street Suite 2200, New Orleans, LA 70113","Arkansas, Louisiana, Mississippi",29.9507683,-90.0767572
"Office of the Principal Legal Advisor, New York",New York - OPLA,OPLA,,FALSE,"26 Federal Plaza, Room 1130",New York,NY,10278,10278,"26 Federal Plaza, Room 1130, New York, NY 10278","Long Island, New York City, and Southern Counties",40.7152635,-74.0037546
"Office of the Principal Legal Advisor, New York (Varick Street)",New York - OPLA,OPLA,,FALSE,"201 Varick Street, Room 738",New York,NY,10014,10014,"201 Varick Street, Room 738, New York, NY 10014",,40.7282753,-74.0055662
New York City Field Office,New York - ERO,ERO,,FALSE,"26 Federal Plaza 9th Floor, Suite 9-110",New York,NY,10278,10278,"26 Federal Plaza 9th Floor, Suite 9-110, New York, NY 10278","The five boroughs (counties of NYC) and the following counties: Duchess, Nassau, Putnam, Suffolk, Sullivan, Orange, Rockland, Ulster, and Westchester",40.7152635,-74.0037546
New York - Community Relations Officer,New York - OPE,OPE,,FALSE,601 W. 26th Street 7th Floor,New York,NY,10001,10001,"601 W. 26th Street 7th Floor, New York, NY 10001",Eastern New York and Long Island,40.7515771,-74.006581
HSI New York,New York - HSI,HSI,,FALSE,601 W. 26th Street Room 726,New York,NY,10001,10001,"601 W. 26th Street Room 726, New York, NY 10001",New York City,40.7515771,-74.006581
"Office of the Principal Legal Advisor, Newark",Newark - OPLA,OPLA,,FALSE,"970 Broad Street, Room 1300",Newark,NJ,07102,07102,"970 Broad Street, Room 1300, Newark, NJ 07102",New Jersey,40.7301363,-74.1742268
Newark Field Office,Newark - ERO,ERO,,FALSE,970 Broad St. 11th Floor,Newark,NJ,07102,07102,"970 Broad St. 11th Floor, Newark, NJ 07102",New Jersey,40.7301363,-74.1742268
Newark - Community Relations Officer,Newark - OPE,OPE,,FALSE,970 Broad Street,Newark,NJ,07102,07102,"970 Broad Street, Newark, NJ 07102",New Jersey,40.7301363,-74.1742268
HSI Newark,Newark - HSI,HSI,,FALSE,620 Frelinghuysen Avenue,Newark,NJ,07114,07114,"620 Frelinghuysen Avenue, Newark, NJ 07114",New Jersey,40.7000364,-74.196058
"Office of the Principal Legal Advisor, New York (Newburgh)",Newburgh - OPLA,OPLA,,FALSE,15 Governor Drive,Newburgh,NY,12550,12550,"15 Governor Drive, Newburgh, NY 12550",,41.5157485,-74.1110231
"Office of the Principal Legal Advisor, New Orleans (Oakdale)",Oakdale - OPLA,OPLA,,FALSE,1010 E. Whatley Road,Oakdale,LA,71463,71463-1128,"1010 E. Whatley Road, Oakdale, LA 71463-1128",,30.8329984,-92.6506774
"Office of the Principal Legal Advisor, Minneapolis-St. Paul (Omaha)",Omaha - OPLA,OPLA,,FALSE,"1717 Avenue H, Room 174",Omaha,NE,68110,68110,"1717 Avenue H, Room 174, Omaha, NE 68110",,41.2804967,-95.9086152
"Office of the Principal Legal Advisor, Orlando",Orlando - OPLA,OPLA,,FALSE,500 North Orange Avenue Suite 5000,Orlando,FL,32801,32801,"500 North Orange Avenue Suite 5000, Orlando, FL 32801",Central and North Florida,28.5499569,-81.3795366
"Office of the Principal Legal Advisor, San Antonio (Pearsall)",Pearsall - OPLA,OPLA,,FALSE,566 Veterans Drive,Pearsall,TX,78061,78061,"566 Veterans Drive, Pearsall, TX 78061",,28.8974302,-99.118828
"Office of the Principal Legal Advisor, Philadelphia",Philadelphia - OPLA,OPLA,,FALSE,"900 Market Street, Suite 346",Philadelphia,PA,19107,19107,"900 Market Street, Suite 346, Philadelphia, PA 19107","Delaware, Pennsylvania, and West Virginia",39.9508242,-75.1555537
Philadelphia Field Office,Philadelphia - ERO,ERO,,FALSE,114 North 8th Street,Philadelphia,PA,19107,19107,"114 North 8th Street, Philadelphia, PA 19107","Delaware, Pennsylvania, West Virginia",39.9538838,-75.1531302
Philadelphia - Community Relations Officer,Philadelphia - OPE,OPE,,FALSE,"220 Chestnut Street, Ste 200",Philadelphia,PA,19106,19106,"220 Chestnut Street, Ste 200, Philadelphia, PA 19106","Pennsylvania, Delaware, West Virginia",39.9481719,-75.1444868
HSI Philadelphia,Philadelphia - HSI,HSI,,FALSE,220 Chestnut Street Room 200,Philadelphia,PA,19106,19106,"220 Chestnut Street Room 200, Philadelphia, PA 19106",Delaware and Pennsylvania,39.9481719,-75.1444868
"Office of the Principal Legal Advisor, Phoenix",Phoenix - OPLA,OPLA,,FALSE,2035 N. Central Avenue,Phoenix,AZ,85004,85004,"2035 N. Central Avenue, Phoenix, AZ 85004",Arizona,33.4708485,-112.0731925
Phoenix Field Office,Phoenix - ERO,ERO,,FALSE,2035 N. Central Avenue,Phoenix,AZ,85004,85004,"2035 N. Central Avenue, Phoenix, AZ 85004",Arizona,33.4708485,-112.0731925
Phoenix - Community Relations Officer,Phoenix - OPE,OPE,,FALSE,"4041 North Central Ave, Ste 1650",Phoenix,AZ,85012,85012,"4041 North Central Ave, Ste 1650, Phoenix, AZ 85012",Arizona,33.4940022,-112.0728673
Special Agent in Charge – West,Phoenix - OPR,OPR,,FALSE,,Phoenix,AZ,85004,85004,,,,
"Office of the Principal Legal Advisor, Miami (Pompano Beach)",Pompano Beach - OPLA,OPLA,,FALSE,3900 North Powerline Road,Pompano Beach,FL,33073,33073,"3900 North Powerline Road, Pompano Beach, FL 33073",,26.2777097,-80.1521559
"Office of the Principal Legal Advisor, Seattle (Portland)",Portland - OPLA,OPLA,,FALSE,"1220 SW 3rd Avenue, Suite 300",Portland,OR,97204,97204,"1220 SW 3rd Avenue, Suite 300, Portland, OR 97204",,45.5145853,-122.6770695
"HSI Washington, DC",Reston - HSI,HSI,,FALSE,12200 Sunrise Valley Drive,Reston,VA,20191,20191,"12200 Sunrise Valley Drive, Reston, VA 20191","Virginia, Washington, DC, West Virginia",38.9508304,-77.366857
"Office of the Principal Legal Advisor, San Francisco (Sacramento)",Sacramento - OPLA,OPLA,,FALSE,,Sacramento,CA,95814,95814,,,,
"Office of the Principal Legal Advisor, San Antonio",San Antonio - OPLA,OPLA,,FALSE,"1015 Jackson-Keller Road, Suite 100",San Antonio,TX,78213,78213,"1015 Jackson-Keller Road, Suite 100, San Antonio, TX 78213",Central and South Texas,29.5045737,-98.5092209
San Antonio Field Office,San Antonio - ERO,ERO,,FALSE,1777 NE Loop 410 Floor 15,San Antonio,TX,78217,78217,"1777 NE Loop 410 Floor 15, San Antonio, TX 78217",Central Texas,29.517042,-98.4366327
San Antonio - Community Relations Officer,San Antonio - OPE,OPE,,FALSE,"1777 NE Loop 410, Floor 15",San Antonio,TX,78217,78217,"1777 NE Loop 410, Floor 15, San Antonio, TX 78217","San Antonio, Austin, Waco, Rio Grande Valley, Del Rio, Eagle Pass and Laredo Texas",29.517042,-98.4366327
Special Agent in Charge – Central,San Antonio - OPR,OPR,,FALSE,,San Antonio,TX,78216,78216,,,,
HSI San Antonio,San Antonio - HSI,HSI,,FALSE,1015 Jackson Keller Road Suite 200,San Antonio,TX,78213,78213,"1015 Jackson Keller Road Suite 200, San Antonio, TX 78213",Southern Texas,29.5045737,-98.5092209
"Office of the Principal Legal Advisor, San Diego",San Diego - OPLA,OPLA,,FALSE,"880 Front Street, Suite 2246",San Diego,CA,92101,92101,"880 Front Street, Suite 2246, San Diego, CA 92101",San Diego and Imperial County,32.7143257,-117.1653527
"Office of the Principal Legal Advisor, San Diego (Otay Mesa)",San Diego - OPLA,OPLA,,FALSE,7488 Calzada de la Fuente,San Diego,CA,92154,92154,"7488 Calzada de la Fuente, San Diego, CA 92154",,32.5750242,-116.9147637
San Diego Field Office,San Diego - ERO,ERO,,FALSE,880 Front Street #2242,San Diego,CA,92101,92101,"880 Front Street #2242, San Diego, CA 92101",San Diego and Imperial County,32.7143257,-117.1653527
San Diego - Community Relations Officer,San Diego - OPE,OPE,,FALSE,880 Front Street Suite 3200,San Diego,CA,92101,92101,"880 Front Street Suite 3200, San Diego, CA 92101",San Diego and Imperial County,32.7143257,-117.1653527
HSI San Diego,San Diego - HSI,HSI,,FALSE,880 Front Street Suite 3200,San Diego,CA,92101,92101,"880 Front Street Suite 3200, San Diego, CA 92101",Southern California,32.7143257,-117.1653527
"Office of the Principal Legal Advisor, San Francisco",San Francisco - OPLA,OPLA,,FALSE,"100 Montgomery Street, Suite 200",San Francisco,CA,94104,94104,"100 Montgomery Street, Suite 200, San Francisco, CA 94104",Northern and Central California,37.7902753,-122.4020104
San Francisco Field Office,San Francisco - ERO,ERO,,FALSE,630 Sansome Street Rm 590,San Francisco,CA,94111,94111,"630 Sansome Street Rm 590, San Francisco, CA 94111","Northern California, Hawaii, Guam, Saipan",37.7962167,-122.401521
San Francisco - Community Relations Officer,San Francisco - OPE,OPE,,FALSE,"630 Sansome Street, Ste 590",San Francisco,CA,94111,94111,"630 Sansome Street, Ste 590, San Francisco, CA 94111","Northern California, Reno, Nevada, Hawaii, Saipan, Guam",37.7962167,-122.401521
"Office of the Principal Legal Advisor, San Francisco - Detained",San Francisco - OPLA,OPLA,,FALSE,"630 Sansome Street, 11th Floor",San Francisco,CA,94111,94111,"630 Sansome Street, 11th Floor, San Francisco, CA 94111",,37.7961915,-122.4014691
HSI San Francisco,San Francisco - HSI,HSI,,FALSE,630 Sansome Street Suite 890,San Francisco,CA,94111,94111,"630 Sansome Street Suite 890, San Francisco, CA 94111",Northern California,37.7961915,-122.4014691
Puerto Rico Community Relations Officer,San Juan - OPE,OPE,,FALSE,"800 Juan Ponce de Leon Avenue Capitol Building, 12th Floor",San Juan,PR,00908,00908,"800 Juan Ponce de Leon Avenue Capitol Building, 12th Floor, San Juan, PR 00908",,18.462576,-66.0886661
HSI San Juan,San Juan - HSI,HSI,,FALSE,"800 Juan Ponce de Leon Avenue, 12th Floor",San Juan,PR,00908,00908,"800 Juan Ponce de Leon Avenue, 12th Floor, San Juan, PR 00908","Puerto Rico, U.S. Virgin Islands",18.462576,-66.0886661
"Office of the Principal Legal Advisor, Los Angeles (Santa Ana)",Santa Ana - OPLA,OPLA,,FALSE,1251 E. Dyer Road Suite 200,Santa Ana,CA,92705,92705,"1251 E. Dyer Road Suite 200, Santa Ana, CA 92705",,33.7100663,-117.8552626
HSI Phoenix,Scottsdale - HSI,HSI,,FALSE,14641 North 74th Street,Scottsdale,AZ,85260,85260,"14641 North 74th Street, Scottsdale, AZ 85260",Arizona,33.6190755,-111.920223
"Office of the Principal Legal Advisor, Seattle",Seattle - OPLA,OPLA,,FALSE,915 Second Avenue Suite 708,Seattle,WA,98174,98174,"915 Second Avenue Suite 708, Seattle, WA 98174","Alaska, Idaho (HSI) , Oregon, and Washington",47.6045912,-122.3354618
Seattle Field Office,Seattle - ERO,ERO,,FALSE,12500 Tukwila International Boulevard,Seattle,WA,98168,98168,"12500 Tukwila International Boulevard, Seattle, WA 98168","Alaska, Oregon, Washington",47.4907997,-122.2914497
Seattle - Community Relations Officer,Seattle - OPE,OPE,,FALSE,12500 Tukwila International Blvd,Seattle,WA,98168,98168,"12500 Tukwila International Blvd, Seattle, WA 98168","Washington State, Idaho, Oregon, Alaska",47.4907997,-122.2914497
HSI Seattle,Seattle - HSI,HSI,,FALSE,1000 Second Avenue Suite 2300,Seattle,WA,98104,98104,"1000 Second Avenue Suite 2300, Seattle, WA 98104","Alaska, Idaho, Oregon, Washington",47.6057693,-122.335457
HSI Houston,Spring - HSI,HSI,,FALSE,"25700 Interstate 45 North, Suite 200 Havenwood Office Park",Spring,TX,77386,77386,"25700 Interstate 45 North, Suite 200 Havenwood Office Park, Spring, TX 77386",East Texas,30.1360511,-95.4438781
New Orleans Field Office,St. Rose - ERO,ERO,,FALSE,181 James Drive W,St. Rose,LA,70087,70087,"181 James Drive W, St. Rose, LA 70087","Alabama, Arkansas, Louisiana, Mississippi, Tennessee",29.9857549,-90.2854711
"Office of the Principal Legal Advisor, Washington, D.C. (Sterling)",Sterling - OPLA,OPLA,,FALSE,21400 Ridgetop Circle Suite 100,Sterling,VA,20166,20166,"21400 Ridgetop Circle Suite 100, Sterling, VA 20166","District of Columbia, West Virginia, and Virginia (Sterling Immigration Court)",39.030695,-77.410323
"Office of the Principal Legal Advisor, Seattle (Tacoma)",Tacoma - OPLA,OPLA,,FALSE,"1623 East J Street, Suite 2",Tacoma,WA,98421,98421,"1623 East J Street, Suite 2, Tacoma, WA 98421",,47.2498603,-122.4218964
Tampa - Community Relations Officer,Tampa - OPE,OPE,,FALSE,"2203 North Lois Avenue, Ste 300",Tampa,FL,33607,33607,"2203 North Lois Avenue, Ste 300, Tampa, FL 33607","Tampa, Central and Northern Florida",27.9610235,-82.5132968
HSI Tampa,Tampa - HSI,HSI,,FALSE,2203 North Lois Avenue Suite 300,Tampa,FL,33607,33607,"2203 North Lois Avenue Suite 300, Tampa, FL 33607",Northern and western Florida,27.9610235,-82.5132968
"Office of the Principal Legal Advisor, Phoenix (Tucson)",Tucson - OPLA,OPLA,,FALSE,6431 S. Country Club Road,Tucson,AZ,85706,85706,"6431 S. Country Club Road, Tucson, AZ 85706",,32.1356653,-110.9248046
"Office of the Principal Legal Advisor, Los Angeles (Van Nuys)",Van Nuys - OPLA,OPLA,,FALSE,6230 Van Nuys Boulevard Suite 1011,Van Nuys,CA,91401,91401,"6230 Van Nuys Boulevard Suite 1011, Van Nuys, CA 91401",,34.1833375,-118.4478385
ICE OPR Integrity Coordination Center,Washington - OPR,OPR,,FALSE,"500 12th Street SW, Suite 1049 Mailstop 5099",Washington,DC,20536,20536-5005,"500 12th Street SW, Suite 1049 Mailstop 5099, Washington, DC 20536-5005",,38.883644,-77.0274801
"Office of the Principal Legal Advisor, Denver (Salt Lake City)",West Valley City - OPLA,OPLA,,FALSE,"2975 Decker Lake Drive, Stop C",West Valley City,UT,84119,84119-6098,"2975 Decker Lake Drive, Stop C, West Valley City, UT 84119-6098",,40.7063391,-111.9461331
Salt Lake City Field Office,West Valley City - ERO,ERO,,FALSE,2975 Decker Lake Drive Suite 100,West Valley City,UT,84119,84119-6096,"2975 Decker Lake Drive Suite 100, West Valley City, UT 84119-6096","Utah, Idaho, Montana, Nevada",40.7062912,-111.9461895
LESC Communications Section,Williston - LESC,LESC,,FALSE,188 Harvest Lane,Williston,VT,05495,05495,"188 Harvest Lane, Williston, VT 05495",,44.449752,-73.1167893
"Office of the Principal Legal Advisor, Philadelphia (York)",York - OPLA,OPLA,,FALSE,2350 Freedom Way Suite 254,York,PA,17402,17402,"2350 Freedom Way Suite 254, York, PA 17402",,39.9338068,-76.6807236
"Atlanta, GA",,ERO,Atlanta Field Office,TRUE,"180 Ted Turner Drive, SW",Atlanta,GA,30303,30303,"180 Ted Turner Drive, SW, Atlanta, GA 30303",Georgia,33.7495264,-84.3973924
"Charleston, SC",,ERO,Atlanta Field Office,TRUE,3950 Faber Place Drive,North Charleston,SC,29405,29405,"3950 Faber Place Drive, North Charleston, SC 29405",South Carolina,32.8463863,-80.0199001
"Charlotte, NC",,ERO,Atlanta Field Office,TRUE,6130 Tyvola Centre Drive,Charlotte,NC,28217,28217,"6130 Tyvola Centre Drive, Charlotte, NC 28217",State of North Carolina,35.1642752,-80.9095822
"Baltimore, MD",,ERO,Baltimore Field Office,TRUE,31 Hopkins Plaza 6th Floor,Baltimore,MD,21201,21201,"31 Hopkins Plaza 6th Floor, Baltimore, MD 21201",Maryland,39.2879833,-76.616563
"Salisbury, MD",,ERO,Baltimore Field Office,TRUE,119 W. Naylor Mill Road Suite 11,Salisbury,MD,21801,21801,"119 W. Naylor Mill Road Suite 11, Salisbury, MD 21801",Maryland's Eastern Shore,38.4105074,-75.571609
"Boston, MA",,ERO,Boston Field Office,TRUE,1000 District Avenue,Burlington,MA,01803,01803,"1000 District Avenue, Burlington, MA 01803",State of Massachusetts,42.4825992,-71.2088135
"Hartford, CT",,ERO,Boston Field Office,TRUE,450 Main Street,Hartford,CT,06103,06103,"450 Main Street, Hartford, CT 06103",State of Connecticut,41.7613805,-72.6734969
"Manchester, NH",,ERO,Boston Field Office,TRUE,275 Chestnut Street,Manchester,NH,03101,03101,"275 Chestnut Street, Manchester, NH 03101",State of New Hampshire,42.9887215,-71.4603245
"Portland, ME",,ERO,Boston Field Office,TRUE,40 Manson Libby Road Suite 101,Scarborough,ME,04074,04074,"40 Manson Libby Road Suite 101, Scarborough, ME 04074",State of Maine,43.5788489,-70.3604263
"Providence, RI",,ERO,Boston Field Office,TRUE,443 Jefferson Blvd North Suite,Warwick,RI,02886,02886,"443 Jefferson Blvd North Suite, Warwick, RI 02886",State of Rhode Island,41.7357562,-71.4411413
"St. Albans, VT",,ERO,Boston Field Office,TRUE,64 Gricebrook Road,St. Albans,VT,05478,05478,"64 Gricebrook Road, St. Albans, VT 05478",State of Vermont,44.8014691,-73.0734028
"Albany, NY",,ERO,Buffalo Field Office,TRUE,11 Old Stonebreak Road,Ballston Spa,NY,12020,12020,"11 Old Stonebreak Road, Ballston Spa, NY 12020","Counties of: Albany, Broome, Chemung, Chenango, Columbia, Cortland, Delaware, Fulton, Greene, Hamilton, Herkimer, Madison, Montgomery, Oneida, Onondaga, Oswego, Otsego, Rensselaer, Saratoga, Schenectady, Schoharie, Warren, Washington",42.9652627,-73.788137
"Buffalo, NY",,ERO,Buffalo Field Office,TRUE,250 Delaware Avenue 7th Floor,Buffalo,NY,14202,14202,"250 Delaware Avenue 7th Floor, Buffalo, NY 14202","Counties of: Allegany, Cattaraugus, Cayuga, Chautauqua, Erie, Genesee, Livingston, Monroe, Niagara, Ontario, Orleans, Schuyler, Seneca, Steuben, Tioga, Tompkins, Wayne, Wyoming, Yates",42.8911691,-78.8769453
"Champlain, NY",,ERO,Buffalo Field Office,TRUE,"237 West Service Road Room CB 107, Unit 8",Champlain,NY,12919,12919,"237 West Service Road Room CB 107, Unit 8, Champlain, NY 12919","Counties of Clinton, Essex, Franklin, Jefferson, Lewis, Saint Lawrence",45.0068737,-73.4558729
"Chicago, IL",,ERO,Chicago Field Office,TRUE,101 Ida B. Wells Drive 4th Floor,Chicago,IL,60605,60605,"101 Ida B. Wells Drive 4th Floor, Chicago, IL 60605",Chicago and surrounding areas including Northwest Indiana,41.8754446,-87.630909
"Indianapolis, IN",,ERO,Chicago Field Office,TRUE,7355 Woodland Drive,Indianapolis,IN,46278,46278,"7355 Woodland Drive, Indianapolis, IN 46278","All of Indiana with the exceptions of Clark (LOU), Floyd (LOU), Harrison (LOU), Lake (CHI), Porter (CHI), LaPort (CHI), and Newton (CHI) Counties",39.8866934,-86.2661766
"Kansas City, MO",,ERO,Chicago Field Office,TRUE,11125 N. Ambassador Drive Suite 100,Kansas City,MO,64153,64153,"11125 N. Ambassador Drive Suite 100, Kansas City, MO 64153",Northwest Missouri and Northeast Kansas,39.2957527,-94.6806331
"Louisville, KY",,ERO,Chicago Field Office,TRUE,654 South 7th Street,Louisville,KY,40203,40203,"654 South 7th Street, Louisville, KY 40203","All of Kentucky; Clark, Floyd, and Harrison Counties of Indiana",38.2472975,-85.7638768
"Milwaukee, WI",,ERO,Chicago Field Office,TRUE,310 East Knapp Street,Milwaukee,WI,53202,53202,"310 East Knapp Street, Milwaukee, WI 53202",Wisconsin,43.0473257,-87.9080833
"Springfield, MO",,ERO,Chicago Field Office,TRUE,4715 West Junction Street,Springfield,MO,65802,65802,"4715 West Junction Street, Springfield, MO 65802","Missouri Counties - Vernon, Barton, Jasper, Newton, McDonald, Cedar, Dade, Lawrence, Barry, Polk, Greene, Christian, Stone, Taney, Dallas, Webster, Douglas, Ozark, Camden, Leclede, Wright, Pulaski, Texas, Howell, Oregon. Kansas Counties - Crawford and Cherokee",37.2164294,-93.3739866
"St. Louis, MO",,ERO,Chicago Field Office,TRUE,1222 Spruce Street Room 100,St. Louis,MO,63103,63103,"1222 Spruce Street Room 100, St. Louis, MO 63103",Missouri: Counties of East Missouri. Illinois: Counties of Southern Illinois,38.6242475,-90.2004311
"Wichita, KS",,ERO,Chicago Field Office,TRUE,"555 North Woodlawn Street Building 4, Suite 160",Wichita,KS,67208,67208,"555 North Woodlawn Street Building 4, Suite 160, Wichita, KS 67208",All of Kansas except for Northeast part of state,37.6960352,-97.2644429
"Dallas, TX",,ERO,Dallas Field Office,TRUE,8101 N. Stemmons Freeway,Dallas,TX,75247,75247,"8101 N. Stemmons Freeway, Dallas, TX 75247","All north Texas, east Texas, and Texas panhandle cases report to Dallas",32.8235915,-96.8721529
"Oklahoma City, OK",,ERO,Dallas Field Office,TRUE,1220 Sovereign Row,Oklahoma City,OK,73108,73108,"1220 Sovereign Row, Oklahoma City, OK 73108",State of Oklahoma,35.4536344,-97.5982786
"Alamosa, CO",,ERO,Denver Field Office,TRUE,1921 State Street,Alamosa,CO,81101,81101,"1921 State Street, Alamosa, CO 81101","Counties of Alamosa, Conejos, Costilla, Huerfano, Las Animas, Mineral, Rio Grande, Saguache",37.4893878,-105.8597721
"Casper, WY",,ERO,Denver Field Office,TRUE,150 E. B Street Room 1014,Casper,WY,82601,82601,"150 E. B Street Room 1014, Casper, WY 82601","Counties of Natrona, Fremont, Teton, Hot Springs, Washakie, Big Horn, Park, Sheridan, Johnson, Campbell, Crook, Weston",42.8523725,-106.3242133
"Cheyenne, WY",,ERO,Denver Field Office,TRUE,7052 Commerce Circle Suite 130,Cheyenne,WY,82007,82007,"7052 Commerce Circle Suite 130, Cheyenne, WY 82007","Counties of Converse, Niobrara, Albany, Platte, Goshen, Laramie, Carbon",41.1349237,-104.7210464
"Craig, CO",,ERO,Denver Field Office,TRUE,466 Tucker Street,Craig,CO,81626,81626,"466 Tucker Street, Craig, CO 81626","Colorado counties of Moffat, Rio Blanco, Routt, Jackson, Grand. Wyoming counties of Sublette, Lincoln, Uinta, Sweetwater.",40.5136142,-107.5451612
"Denver, CO",,ERO,Denver Field Office,TRUE,12445 East Caley Avenue,Centennial,CO,80111,80111,"12445 East Caley Avenue, Centennial, CO 80111","Denver Metro Area, to include Clear Creek and Summit County",39.6015038,-104.8449885
"Durango, CO",,ERO,Denver Field Office,TRUE,32 Sheppard Drive,Durango,CO,81303,81303,"32 Sheppard Drive, Durango, CO 81303","Counties of Archuleta, Dolores, Hinsdale, La Plata, Montezuma, San Juan, San Miguel.",37.2371432,-107.874248
"Frederick, CO",,ERO,Denver Field Office,TRUE,3770 Puritan Way Unit J,Frederick,CO,80516,80516,"3770 Puritan Way Unit J, Frederick, CO 80516","Counties of Broomfield, Boulder, Larimer, Weld, Morgan, Logan, Washington, Yuma, Phillips, Sedgwick, Kit Carson, Cheyenne",40.081932,-104.985034
"Glenwood Springs, CO",,ERO,Denver Field Office,TRUE,100 Midland Avenue Suite 210,Glenwood Springs,CO,81601,81601,"100 Midland Avenue Suite 210, Glenwood Springs, CO 81601","Counties of Garfield, Eagle, Pitkin, Lake",39.558475,-107.358003
"Grand Junction, CO",,ERO,Denver Field Office,TRUE,569 S. Commercial Drive,Grand Junction,CO,81505,81505,"569 S. Commercial Drive, Grand Junction, CO 81505","Counties of Mesa, Montrose, Delta, Ouray, and Gunnison",39.087109,-108.5858803
"Pueblo/Florence, CO",,ERO,Denver Field Office,TRUE,935 Highway 67,Florence,CO,81226,81226,"935 Highway 67, Florence, CO 81226","Counties of Chafee, Custer, Fremont, Pueblo, El Paso, Teller, Otero, Prowers, Kiowa, Crowley, Baca, Bent Prowers.",38.4265663,-105.1156314
"Cincinnati, OH",,ERO,Detroit Field Office,TRUE,9875 Redhill Drive,Blue Ash,OH,45242,45242,"9875 Redhill Drive, Blue Ash, OH 45242","Counties of Darke, Shelby, Miami, Preble, Montgomery, Greene, Butler, Warren, Clinton, Hamilton, Clermont, Highland, Brown, Adams, Pike, Ross, Scioto, Jackson, Gallia, Meigs, and Lawrence",39.2382289,-84.380236
"Cleveland, OH",,ERO,Detroit Field Office,TRUE,925 Keynote Circle,Brooklyn Heights,OH,44131,44131,"925 Keynote Circle, Brooklyn Heights, OH 44131",Northern Ohio,41.4117491,-81.6655486
"Columbus, OH",,ERO,Detroit Field Office,TRUE,675 Brooksedge Boulevard,Westerville,OH,43081,43081,"675 Brooksedge Boulevard, Westerville, OH 43081","Counties of Logan, Champaign, Clark, Union, Madison, Fayette, Morrow, Delaware, Franklin, Pickaway, Know, Licking, Fairfield, Hocking, Perry, Athens, Morgan, Washington, Monroe, Noble, Guernsey Belmont Harrison, Jefferson, Muskingum, and Coshocton",40.1081252,-82.9327112
"Detroit, MI",,ERO,Detroit Field Office,TRUE,260 Mt. Elliott,Detroit,MI,48207,48207,"260 Mt. Elliott, Detroit, MI 48207",State of Michigan,42.3429067,-83.0093223
"Albuquerque, NM",,ERO,El Paso Field Office,TRUE,5441 Watson Drive South East,Albuquerque,NM,87106,87106,"5441 Watson Drive South East, Albuquerque, NM 87106","Counties of San Juan, Rio Arriba, Taos, Colfax, San Miguel, Union, Harding, Mora, Santa Fe, Los Alamos, Sandoval, McKinley, Cibola, Bernalillo, Valencia, Torrance, Guadalupe, Quay and Socorro",35.0012667,-106.6174336
"El Paso, TX",,ERO,El Paso Field Office,TRUE,11541 Montana Avenue Suite E,El Paso,TX,79936,79936,"11541 Montana Avenue Suite E, El Paso, TX 79936","El Paso TX, El Paso County, West Texas, Southern New Mexico",31.804214,-106.2910235
"Midland, TX",,ERO,El Paso Field Office,TRUE,1515 Idlewild Drive,Midland,TX,79703,79703,"1515 Idlewild Drive, Midland, TX 79703","Counties of Andrews, Crane, Ector, Martin, Midland, Upton",31.9969824,-102.1481869
"Pecos, TX",,ERO,El Paso Field Office,TRUE,67 S. Frontage IH-20W,Pecos,TX,79772,79772,"67 S. Frontage IH-20W, Pecos, TX 79772","Counties of Brewster, Culberson, Hudspeth, Jeff Davis, Loving, Presidio, Pecos, Reeves, Terrell, Ward, Winkler",31.3965689,-103.4927033
"Harlingen, TX",,ERO,Harlingen Field Office,TRUE,1717 Zoy Street,Harlingen,TX,78552,78552,"1717 Zoy Street, Harlingen, TX 78552","Counties of Cameron, Willacy, Kenedy, Kleburg, Nueces, San Patricio, Hidalgo, Brooks, Starr, Jim Hogg, Zapata, Webb, Duval, Jim Wells, Aransas",26.1776479,-97.714091
"Houston, TX",,ERO,Houston Field Office,TRUE,126 Northpoint Drive,Houston,TX,77060,77060,"126 Northpoint Drive, Houston, TX 77060",54 counties of SE Texas,29.9375017,-95.40659
"Los Angeles, CA",,ERO,Los Angeles Field Office,TRUE,300 N. Los Angeles Street Room B17,Los Angeles,CA,90012,90012,"300 N. Los Angeles Street Room B17, Los Angeles, CA 90012",Los Angeles County,34.0538882,-118.2397677
"San Bernardino, CA",,ERO,Los Angeles Field Office,TRUE,655 West Rialto Avenue,San Bernardino,CA,92410,92410,"655 West Rialto Avenue, San Bernardino, CA 92410",Counties: San Bernardino and Riverside,34.1005171,-117.2976207
"Santa Ana, CA",,ERO,Los Angeles Field Office,TRUE,34 Civic Center Plaza Room 1027,Santa Ana,CA,92701,92701,"34 Civic Center Plaza Room 1027, Santa Ana, CA 92701",Orange County,33.7484501,-117.8749858
"Santa Maria, CA",,ERO,Los Angeles Field Office,TRUE,740 West Century Street Suite A,Santa Maria,CA,93455,93455,"740 West Century Street Suite A, Santa Maria, CA 93455",Counties: Santa Barbara and San Luis Obispo,34.9181061,-120.4447913
"Ventura, CA",,ERO,Los Angeles Field Office,TRUE,321 Cortez Circle,Camarillo,CA,93012,93012,"321 Cortez Circle, Camarillo, CA 93012",Ventura County,34.2141381,-118.9947166
"Jacksonville, FL",,ERO,Miami Field Office,TRUE,13077 Veveras Drive,Jacksonville,FL,32258,32258,"13077 Veveras Drive, Jacksonville, FL 32258","Counties of Duval, Saint John’s, Nassau, Flagler, Putnam, Baker, Clay, Gilchrist, Bradford, Colombia, Union, Levy",30.1326381,-81.512794
"Miami, FL",,ERO,Miami Field Office,TRUE,2805 SW 145th Avenue,Miramar,FL,33027,33027,"2805 SW 145th Avenue, Miramar, FL 33027","Counties of Miami Dade, Monroe, Broward, Palm Beach, Martin, Okeechobee, Highlands, Glades, Charlotte, Desoto, Lee, Collier, and Hendry",25.9827432,-80.3394602
"Orlando, FL",,ERO,Miami Field Office,TRUE,9495 Delegates Drive,Orlando,FL,32837,32837,"9495 Delegates Drive, Orlando, FL 32837","Counties of Brevard, Highlands, Indian River, Lake, Marion, Okeechobee, Orange, Osceola, Seminole, St. Lucie, Volusia",28.4283361,-81.4093722
"Tallahassee, FL",,ERO,Miami Field Office,TRUE,1530 Commonwealth Business Drive,Tallahassee,FL,32303,32303,"1530 Commonwealth Business Drive, Tallahassee, FL 32303","Counties of Escambia, Santa Rosa, Okaloosa, Walton, Holmes, Washington, Jackson, Bay, Calhoun, Gulf, Liberty, Franklin, Gadsden, Leon, Wakulla, Jefferson, Madison, Taylor, Lafayette, Madison, Suwannee, Dixie, Hamilton.",30.4719963,-84.3551414
"Tampa, FL",,ERO,Miami Field Office,TRUE,5524 West Cypress Street,Tampa,FL,33607,33607,"5524 West Cypress Street, Tampa, FL 33607","Counties of Hillsborough, Manatee, Sarasota, Pinellas, Pasco, Polk, Hardee, DeSoto, Charlotte, Lee, Levy, Citrus, Sumter, Hernando",27.951595,-82.5398413
"Birmingham, AL",,ERO,New Orleans Field Office,TRUE,107 Frankfurt Circle,Birmingham,AL,35211,35211,"107 Frankfurt Circle, Birmingham, AL 35211","Counties of Sumter, Greene, Pickens, Tuscaloosa, Bibb, Shelby, Talladega, Clay, St. Clair, Jefferson, Walker, Fayette, Lamar, Marion, Winston, Franklen, Colbert",33.4368138,-86.8657011
"Chattanooga, TN",,ERO,New Orleans Field Office,TRUE,2150 Stein Drive,Chattanooga,TN,37421,37421,"2150 Stein Drive, Chattanooga, TN 37421",17 Southeastern TN Counties,35.0562266,-85.1845268
"Fayetteville, AR",,ERO,New Orleans Field Office,TRUE,2887 N. Point Circle,Fayetteville,AR,72701,72701,"2887 N. Point Circle, Fayetteville, AR 72701",Northwest Arkansas,36.1046391,-94.1784596
"Fort Smith, AR",,ERO,New Orleans Field Office,TRUE,4991 Old Greenwood Road,Fort Smith,AR,72903,72903,"4991 Old Greenwood Road, Fort Smith, AR 72903",Western Arkansas,35.3354817,-94.3891997
"Gadsden, AL",,ERO,New Orleans Field Office,TRUE,800 Forrest Avenue 3rd Floor,Gadsden,AL,35901,35901,"800 Forrest Avenue 3rd Floor, Gadsden, AL 35901","Counties of Cleburne, Calhoun, Etowah, Cherokee, DeKalb, Blount, Cullman, Morgan, Lawrence, Lauderdale, Limestone, Madison, Jackson, DeKalb, Marshall",34.015507,-86.0123566
"Jackson, MS",,ERO,New Orleans Field Office,TRUE,202 Metroplex Drive,Pearl,MS,39208,39208,"202 Metroplex Drive, Pearl, MS 39208","Counties: Adams, Amite, Attala, Bolivar, Calhoun, Carroll, Chickasaw, Choctaw, Claiborne, Clay, Coahoma, Copiah, Franklin, Grenada, Hinds, Holmes, Humphreys, Issaquena, Jefferson, Kemper, Lauderdale, Leake, Leflore, Lincoln, Lowndes, Madison, Monroe, Montgomery, Neshoba, Newton, Noxubee, Oktibbeha, Pike, Quitman, Rankin, Scott, Sharkey, Simpson, Smith, Sunflower, Tallahatchie, Tallahatchie, Warren, Washington, Webster, Wilkinson, Winston, Yalobusha, Yazoo",32.2902501,-90.0597098
"Knoxville, TN",,ERO,New Orleans Field Office,TRUE,324 Prosperity Drive,Knoxville,TN,37923,37923,"324 Prosperity Drive, Knoxville, TN 37923",23 Northeastern TN Counties,35.9232411,-84.0793813
"Little Rock, AR",,ERO,New Orleans Field Office,TRUE,4501 E Roosevelt Road,Little Rock,AR,72206,72206,"4501 E Roosevelt Road, Little Rock, AR 72206",Central and northeast Arkansas,34.7211076,-92.2249691
"Memphis, TN",,ERO,New Orleans Field Office,TRUE,2833 Business Park Drive Building 1,Memphis,TN,38118,38118,"2833 Business Park Drive Building 1, Memphis, TN 38118",North Mississippi and West Tennessee,35.0718002,-89.9655151
"Montgomery, AL",,ERO,New Orleans Field Office,TRUE,500 Interstate Park Drive Suite 529,Montgomery,AL,36109,36109,"500 Interstate Park Drive Suite 529, Montgomery, AL 36109","Counties of Chilton, Coosa, Tallapoosa, Randolph, Autauga, Elmore, Macon, Lee, Chambers, Lowndes, Montgomery, Bullock, Russell, Barbour, Pike, Crenshaw, Butler, Covington, Coffe, Dale, Henry, Geneva, Houston",32.3621547,-86.2412058
"Nashville, TN",,ERO,New Orleans Field Office,TRUE,501 Brick Church Park Drive,Nashville,TN,37207,37207,"501 Brick Church Park Drive, Nashville, TN 37207",32 middle TN Counties,36.2251232,-86.7865862
"New Orleans, LA",,ERO,New Orleans Field Office,TRUE,181 James Drive W,Saint Rose,LA,70087,70087,"181 James Drive W, Saint Rose, LA 70087",Southern Louisiana,29.9857549,-90.2854711
"Texarkana, AR",,ERO,New Orleans Field Office,TRUE,3822 Airport Plaza,Texarkana,AR,71854,71854,"3822 Airport Plaza, Texarkana, AR 71854",Southern Arkansas,33.4580292,-94.0009838
"New York City, NY",,ERO,New York Field Office,TRUE,"26 Federal Plaza 9th Floor, Suite 9-110",New York,NY,10278,10278,"26 Federal Plaza 9th Floor, Suite 9-110, New York, NY 10278","Entire NYC AOR - counties of Bronx, Dutchess, Kings, Nassau, New York, Orange, Putnam, Queens, Richmond, Rockland, Suffolk, Sullivan, Ulster and Westchester",40.7152635,-74.0037546
"Mount Laurel, NJ",,ERO,Newark Field Office,TRUE,532 Fellowship Road Suite A,Mount Laurel,NJ,08054,08054,"532 Fellowship Road Suite A, Mount Laurel, NJ 08054","Counties: Mercer, Burlington, Ocean, Atlantic, Cape May, Camden, Gloucester, Cumberland, and Salem",39.9327436,-74.9576161
"Newark, NJ",,ERO,Newark Field Office,TRUE,970 Broad Street 11th Floor,Newark,NJ,07102,07102,"970 Broad Street 11th Floor, Newark, NJ 07102","Counties of Monmouth, Middlesex, Somerset, Hunterdon, Union, Essex, Hudson, Bergen, Passaic, Sussex, Warren and Morris.",40.7301363,-74.1742268
"Dover, DE",,ERO,Philadelphia Field Office,TRUE,210 Beiser Boulevard,Dover,DE,19904,19904,"210 Beiser Boulevard, Dover, DE 19904",Delaware,39.1552595,-75.5427345
"Philadelphia, PA",,ERO,Philadelphia Field Office,TRUE,114 North 8th Street 3rd Floor,Philadelphia,PA,19107,19107,"114 North 8th Street 3rd Floor, Philadelphia, PA 19107","Counties: Philadelphia, Bucks, Montgomery, Chester and Delaware",39.9538838,-75.1531302
"Pittsburgh, PA",,ERO,Philadelphia Field Office,TRUE,3000 Sidney Street Suite 100,Pittsburgh,PA,15203,15203,"3000 Sidney Street Suite 100, Pittsburgh, PA 15203","Counties: Erie, Crawford, Warren, Mercer, Venango, Forest, Jerfferson, Clarion, Lawerence, Butler, Armstrong, Indiana, Cambria, Blair, Beaver, Allegheny, Westmoreland, Washington, Greene, Fayette, Somerset, Bedford, Fulton",40.4248324,-79.960811
"York, PA",,ERO,Philadelphia Field Office,TRUE,1605 Clugston Road,York,PA,17404,17404,"1605 Clugston Road, York, PA 17404","Counties: Franklin, Adams, York, Lancaster, Lebanon, Dauphin, Perry, Harrisburg, Cumberland",39.9849944,-76.7579657
"Phoenix, AZ",,ERO,Phoenix Field Office,TRUE,2035 N. Central Avenue,Phoenix,AZ,85004,85004,"2035 N. Central Avenue, Phoenix, AZ 85004","Counties: Apache, Coconino, La Paz, Maricopa, Mohave, Navajo and Yavapai",33.4708485,-112.0731925
"Tucson, AZ",,ERO,Phoenix Field Office,TRUE,6431 South Country Club Road,Tucson,AZ,85706,85706,"6431 South Country Club Road, Tucson, AZ 85706","Counties: Cochise, Graham, Gila, Greenlee, Pinal, Pima, Santa Cruz and Yuma",32.1356653,-110.9248046
"Billings, MT",,ERO,Salt Lake City Field Office,TRUE,2900 4th Avenue Suite 205,Billings,MT,59101,59101,"2900 4th Avenue Suite 205, Billings, MT 59101","Counties: Big Horn, Blaine, Carbon, Carter, Custer, Daniels, Dawson, Fallon, Fergus, Garfield, Golden Valley, Judith Basin, McCone, Musselshell, Petroleum, Powder River, Prairie, Richland, Roosevelt, Rosebud, Sheridan, Stillwater, Sweetgrass, Treasure, Valley, Wheatland, Wibaux, Yellowstone.",45.7836118,-108.5095733
"Boise, ID",,ERO,Salt Lake City Field Office,TRUE,1185 S. Vinnell Way,Boise,ID,83709,83709,"1185 S. Vinnell Way, Boise, ID 83709","Idaho Counties: Owyhee, Elmore, Benewah, Ada, Canyon, Gem, Payette, Boise, Washington, Valley, Adams, Idaho, Lewis, Clearwater, Shoshone, Latah, Nez Perce. Oregon Counties: Malheur, Baker.",43.5942506,-116.2875233
"Helena, MT",,ERO,Salt Lake City Field Office,TRUE,2800 Skyway Drive,Helena,MT,59602,59602,"2800 Skyway Drive, Helena, MT 59602","Counties: Beaverhead, Broadwater, Cascade, Chouteau, Deer Lodge, Flathead, Gallatin, Glacier, Granite, Hill, Jefferson, Lake, Lewis & Clark, Liberty, Lincoln, Madison, Meagher, Mineral, Missoula, Park, Pondera, Powell, Ravalli, Sanders, Silver Bow, Teton, Toole.",46.6124071,-111.9905623
"Idaho Falls, ID",,ERO,Salt Lake City Field Office,TRUE,2075 N Boulevard,Idaho Falls,ID,83402,83402,"2075 N Boulevard, Idaho Falls, ID 83402","Counties: Power, Oneida, Franklin, Bear Lake, Caribou, Bannock, Bingham, Bonneville, Jefferson, Madison, Teton, Fremont, Franklin, Clark.",43.5147311,-112.0339375
"Las Vegas, NV",,ERO,Salt Lake City Field Office,TRUE,501 S. Las Vegas Boulevard Suite 100,Las Vegas,NV,89101,89101,"501 S. Las Vegas Boulevard Suite 100, Las Vegas, NV 89101","Counties: Clark, Esmeralda, Lincoln, Nye",36.1641058,-115.1434296
"Ogden, UT",,ERO,Salt Lake City Field Office,TRUE,2487 S. 1620 W Unit E,Ogden,UT,84401,84401,"2487 S. 1620 W Unit E, Ogden, UT 84401","Counties: Weber, Davis, Box Elder, Cache, Rich, and Daggett.",41.2205835,-112.0191482
"Provo, UT",,ERO,Salt Lake City Field Office,TRUE,1793 W. Business Parkway Drive,Orem,UT,84058,84058,"1793 W. Business Parkway Drive, Orem, UT 84058","Counties: Carbon, Duchesne, Emery, Grand, Juab, Millard, Piute, Sanpete, San Juan, Sevier, Uintah, Utah, Wasatch, Wayne",40.3694213,-111.7659141
"Reno, NV",,ERO,Salt Lake City Field Office,TRUE,6999 Sierra Center Parkway,Reno,NV,89511,89511,"6999 Sierra Center Parkway, Reno, NV 89511","Counties: Washoe, Humboldt, Elko, Pershing, Lander, Eureka, Churchill, Storey, Carson City, Douglas, Lyon, White Pine, Mineral.",39.4621669,-119.7775641
"Salt Lake City, UT",,ERO,Salt Lake City Field Office,TRUE,2975 Decker Lake Drive Suite 100,West Valley City,UT,84119,84119,"2975 Decker Lake Drive Suite 100, West Valley City, UT 84119","Counties: Salt Lake, Tooele, and Summit",40.7062912,-111.9461895
"St. George, UT",,ERO,Salt Lake City Field Office,TRUE,389 N. Industrial Road Suite 4,St. George,UT,84770,84770,"389 N. Industrial Road Suite 4, St. George, UT 84770","Counties: Washington, Iron, Beaver, Kane, Garfield.",37.1197342,-113.5534693
"Twin Falls, ID",,ERO,Salt Lake City Field Office,TRUE,212 Deere Street,Twin Falls,ID,83301,83301,"212 Deere Street, Twin Falls, ID 83301","Counties: Twin Falls, Cassia, Jerome, Minidoka, Lincoln, Gooding, Camas, Blaine, Custer, Lemhi, Butte.",42.5461498,-114.427697
"San Antonio, TX",,ERO,San Antonio Field Office,TRUE,3523 Crosspoint Drive,San Antonio,TX,78217,78217,"3523 Crosspoint Drive, San Antonio, TX 78217",36 counties of south central Texas,29.5437984,-98.4289612
"Imperial, CA",,ERO,San Diego Field Office,TRUE,2051 North Waterman Avenue Suite 101,El Centro,CA,92243,92243,"2051 North Waterman Avenue Suite 101, El Centro, CA 92243",Imperial County and SE Riverside County,32.8131562,-115.5728769
"San Diego, CA",,ERO,San Diego Field Office,TRUE,880 Front Street Suite 2242,San Diego,CA,92101,92101,"880 Front Street Suite 2242, San Diego, CA 92101","Counties of: Coronado, Del Mar, Descanso, Dulzura, El Cajon, Encinitas, Escondido, Fallbrook, Guatay, Imperial Beach, Jacumba, Jamul, Julian, La Jolla, La Mesa, Lakeside, Lemon Grove, Mount Laguna, National City, Oceanside, Pala, Palomar Mountain, Pauma Valley, Pine Valley, Potrero, Poway, Ramona, Ranchita, Rancho Santa Fe, San Diego, San Luis Rey, San Marcos, San Ysidro, Santa Ysabel, Santee, Solana Beach, Spring Valley, Tecate, Valley Center, Vista, Warner Springs",32.7143257,-117.1653527
"Agana, GU",,ERO,San Francisco Field Office,TRUE,291 Chalan Pasaheru Suite 100,Tamuning,GU,96913,96913,"291 Chalan Pasaheru Suite 100, Tamuning, GU 96913",Island of Guam,13.494134,144.798198
"Bakersfield, CA",,ERO,San Francisco Field Office,TRUE,800 Truxtun Avenue,Bakersfield,CA,93301,93301,"800 Truxtun Avenue, Bakersfield, CA 93301",Kern County; Inyo County; Mono County; Southern half of Tulare County,35.3736714,-119.0112192
"Fresno, CA",,ERO,San Francisco Field Office,TRUE,733 L Street,Fresno,CA,93721,93721,"733 L Street, Fresno, CA 93721","Counties of: Fresno, Madera, Merced, Kings, Mariposa and Tulare",36.7326978,-119.7856018
"Honolulu, HI",,ERO,San Francisco Field Office,TRUE,595 Ala Moana Boulevard,Honolulu,HI,96813,96813,"595 Ala Moana Boulevard, Honolulu, HI 96813",Hawaii,21.2999288,-157.8638944
"Sacramento, CA",,ERO,San Francisco Field Office,TRUE,650 Capitol Mall Room I-120,Sacramento,CA,95814,95814,"650 Capitol Mall Room I-120, Sacramento, CA 95814","Counties of: Siskiyou Modoc, Trinity, Shasta, Lassen, Tehama, Plumas, Glenn, Butte, Sierra, Nevada, Colusa, Sutter, Yuba, Placer, El Dorado, Yolo, Solano, Sacramento",38.5779984,-121.4998771
"Saipan, CNMI",,ERO,San Francisco Field Office,TRUE,"2 Joeten Center, Gualo Rai",Saipan,MP,96950,96950,"2 Joeten Center, Gualo Rai, Saipan, MP 96950",Commonwealth of the Northern Marianas Islands (CNMI),15.2100748,145.7170756
"San Francisco, CA",,ERO,San Francisco Field Office,TRUE,630 Sansome Street 5th Floor,San Francisco,CA,94111,94111,"630 Sansome Street 5th Floor, San Francisco, CA 94111","Non-detained reporting: Counties of Alameda, Contra Costa, Del Norte, Humboldt, Lake, Marin, Mendocino, Monterey, Napa, San Francisco, San Mateo, Sonoma, San Benito, Santa Clara, Santa Cruz; ATD for the following counties should report to San Jose: San Benito, Santa Clara, Santa Cruz.",37.7961915,-122.4014691
"San Jose, CA",,ERO,San Francisco Field Office,TRUE,220 Vineyard Court,Morgan Hill,CA,95037,95037,"220 Vineyard Court, Morgan Hill, CA 95037",,37.1162468,-121.6410552
"Stockton, CA",,ERO,San Francisco Field Office,TRUE,603 San Juan Avenue First Floor,Stockton,CA,95203,95203,"603 San Juan Avenue First Floor, Stockton, CA 95203","Counties of: San Joaquin, Stanislaus, Calaveras, Tuolumne, Alpine, Amador",37.953626,-121.3211413
"Anchorage, AK",,ERO,Seattle Field Office,TRUE,620 East 10th Avenue,Anchorage,AK,99501,99501,"620 East 10th Avenue, Anchorage, AK 99501",Alaska,61.212362,-149.8722992
"Eugene, OR",,ERO,Seattle Field Office,TRUE,211 East 7th Avenue Suite 120,Eugene,OR,97401,97401,"211 East 7th Avenue Suite 120, Eugene, OR 97401","Counties of Lane, Benton, Linn, Marion, Lincoln, and Polk",44.0526794,-123.0893845
"Medford, OR",,ERO,Seattle Field Office,TRUE,3715 International Way,Medford,OR,97504,97504,"3715 International Way, Medford, OR 97504","Counties - Jackson, Josephine, Douglas, Coos, Curry, Crook, Jefferson, Deschutes, Klamath, and Lake",42.3732257,-122.8664145
"Portland, OR",,ERO,Seattle Field Office,TRUE,4310 S Macadam Avenue Suite 300,Portland,OR,97239,97239,"4310 S Macadam Avenue Suite 300, Portland, OR 97239","Oregon Counties - Clatsop, Columbia, Tillamook, Yamhill, Washington, Multnomah, Clackamas, Hood River, Wasco, Sherman, Gilliam, Wheeler, Grant, Union, and Harney. Washington Counties - Pacific, Wahkiakum, Cowlitz, and Skamania",45.4928961,-122.6725407
"Richland, WA",,ERO,Seattle Field Office,TRUE,825 Jadwin Avenue Room G165,Richland,WA,99352,99352,"825 Jadwin Avenue Room G165, Richland, WA 99352","Washington Counties - Benton, Franklin, Asotin, Columbia, Walla Walla, Whitman, and Garfield Oregon Counties - Wallowa, Union, Umatilla, Morrow, and Grant",46.2781477,-119.2763319
"Seattle, WA",,ERO,Seattle Field Office,TRUE,12500 Tukwila International Boulevard 4th Floor,Seattle,WA,98168,98168,"12500 Tukwila International Boulevard 4th Floor, Seattle, WA 98168","Counties - Snohomish, King, Pierce, Thurston, Lewis, Grays Harbor, Mason, Kitsap, Jefferson, Clallam, Whatcom, Skagit, San Juan, and Island",47.4907997,-122.2914497
"Spokane, WA",,ERO,Seattle Field Office,TRUE,411 W Cataldo Avenue,Spokane,WA,99201,99201,"411 W Cataldo Avenue, Spokane, WA 99201","Washington Counties - Pend Oreille, Stevens, Ferry, Lincoln, Spokane, Adams, and Whitman. Idaho Counties - Boundary, Bonner, Kootenai, Benewah, Shoshone, and Latah",47.66582,-117.4181833
"Wenatchee, WA",,ERO,Seattle Field Office,TRUE,3701 River Road,Yakima,WA,98902,98902,"3701 River Road, Yakima, WA 98902","Counties - Okanagan, Chelan, Grant, and Douglas",46.6183336,-120.5593593
"Yakima, WA",,ERO,Seattle Field Office,TRUE,3701 River Road,Yakima,WA,98902,98902,"3701 River Road, Yakima, WA 98902","Counties - Yakima, Kittitas, and Klickitat",46.6183336,-120.5593593
"Cedar Rapids, IA",,ERO,St. Paul Field Office,TRUE,3351 Square D Drive SW,Cedar Rapids,IA,52404,52404,"3351 Square D Drive SW, Cedar Rapids, IA 52404","Counties of Allamakee, Benton, Black Hawk, Bremer, Buchanan, Cedar, Chickasaw, Clayton, Clinton, Delaware, Des Moines, Dubuque, Fayette, Floyd, Henry, Howard, Iowa, Jackson, Jefferson, Johnson, Jones, Keokuk, Lee, Linn, Louisa, Mitchell, Muscatine, Scott, Tama, Van Buren, Washington, Winneshiek",41.9420681,-91.6808554
"Des Moines, IA",,ERO,St. Paul Field Office,TRUE,210 Walnut St. Suite 359,Des Moines,IA,50309,50309,"210 Walnut St. Suite 359, Des Moines, IA 50309","Central Iowa counties: Adair, Adams, Appanoose, Boone, Butler, Cerro Gordo, Clarke, Dallas, Davis, Decatur, Franklin, Greene, Guthrie, Hamilton, Hancock, Hardin, Jasper, Lucas, Madison, Mahaska, Marion, Marshall, Monroe, Polk Ringgold, Story, Taylor, Union, Wapello, Warren, Wayne, Webster, Winnebago, Worth, Wright",41.5864152,-93.6201531
"Grand Forks, ND",,ERO,St. Paul Field Office,TRUE,124 N. 6th Street,Grand Forks,ND,58203,58203,"124 N. 6th Street, Grand Forks, ND 58203","Northwestern Minnesota Counties - Wilkin, Otter Tail, Becker, Clay, Norman, Mahnomen, Polk, Red Lake, Pennington, Marshall, Kittson, Roseau, Lake of the Woods, Beltrami, Clearwater, Hubbard, Wadena, Cass, Itasca, Koochiching. North Dakota Counties - Adams, Barnes, Benson, Billings, Bottineau, Bowman, Burke, Burleigh, Cass, Cavalier, Dickey, Divide, Dunn, Eddy, Emmons, Foster, Golden Valley, Grand Forks, Grant, Griggs, Hettinger, Kidder, LaMoure, Logan, McHenry, McIntosh, McKenzie, McLean, Mercer, Morton, Mountrail, Nelson, Oliver, Pembina, Pierce, Ramsey, Ransom, Renville, Richland, Rolette, Sargeant, Sheridan, Sioux, Slope, Stark, Steele, Stutsman, Towner, Traill, Walsh, Ward, Wells, Williams",47.924267,-97.0353236
"Grand Island, NE",,ERO,St. Paul Field Office,TRUE,703 South Webb Road Suite D,Grand Island,NE,68803,68803,"703 South Webb Road Suite D, Grand Island, NE 68803","Keya Paha, Boyd, Brown, Rock, Holt, Blaine, Loup, Garfield, Wheeler, Valley, Greeley, Sherman, Howard, Buffalo, Kearney, Franklin, Webster, Adams, Hall, Boone, Nance, Merrick, Hamilton, York, Polk, Platte, Butler, Seward, Fillmore, Saline, Thayer, Jefferson, Nuckolls, Clay",40.9121111,-98.377247
"North Platte, NE",,ERO,St. Paul Field Office,TRUE,300 E. 3rd Street Suite 110,North Platte,NE,69101,69101,"300 E. 3rd Street Suite 110, North Platte, NE 69101","Sioux, Dawes, Sheridan, Cherry, Box Butte, Scotts Bluff Banner, Kimball, Cheyenne, Morrill, Deuel, Grant, Arthur, Keith, Perkins, Chase, Dundy, Hitchcock, Hayes, Lincoln, McPherson, Hooker, Thomas, Logan, Custer, Dawson, Frontier, Red Willow, Furnas, Gosper, Phelps, Harlan",41.1348157,-100.7603409
"Omaha, NE",,ERO,St. Paul Field Office,TRUE,1717 Ave H,Omaha,NE,68110,68110,"1717 Ave H, Omaha, NE 68110","Nebraska Counties: Colfax, Dodge, Washington, Douglas, Sarpy, Saunders, Cass, Otoe, Lancaster, Johnson, Nemaha, Pawnee, Richardson. Iowa Counties: Harrison, Shelby, Audubon, Cass, Pottawattamie, Mills, Montgomery, Page, Fremont",41.2804967,-95.9086152
"Rapid City, SD",,ERO,St. Paul Field Office,TRUE,1516 Fountain Plaza Drive,Rapid City,SD,57702,57702,"1516 Fountain Plaza Drive, Rapid City, SD 57702","Western SD counties -- Harding, Butte, Lawrence, Pennington, Custer, Fall River, Perkins, Meade, Shannon, Corson, Ziebach, Haakon, Jackson, Bennett, Dewey, Stanley, Jones, Mellette",44.099876,-103.2584069
"Sioux City, IA",,ERO,St. Paul Field Office,TRUE,3301 Singing Hills Boulevard Suite B,Sioux City,IA,51106,51106,"3301 Singing Hills Boulevard Suite B, Sioux City, IA 51106","Western Iowa counties -- Buena Vista, Calhoun Carroll, Cherokee, Clay, Crawford, Dickenson, Emmett, Humboldt, Ida, Kossuth, Lyon, Monona, O'Brien, Osceola, Palo Alto, Plymouth, Pocahontas, Woodbury. Eastern Nebraska Counties -- Antelope, Burt, Cedar, Cuming, Dakota, Dixon, Knox, Madison, Pierce, Stanton, Thurston, Wayne.",42.4367453,-96.3654506
"Sioux Falls, SD",,ERO,St. Paul Field Office,TRUE,2708 N. 1st Avenue,Sioux Falls,SD,57104,57104,"2708 N. 1st Avenue, Sioux Falls, SD 57104","Southwestern Minnesota Counties - Pipestone, Nobles, Rock, Jackson, Cottonwood, Murray, Lincoln. Eastern South Dakota Counties - Aurora, Beadle, Bennett, Bon Homme, Brookings, Brown, Brule, Buffalo, Campbell, Charles Mix, Clark, Clay, Codington, Davison, Day, Deuel, Dewey, Douglas, Edmunds, Faulk, Grant, Gregory, Hamlin, Hand, Hanson, Hughes, Hutchinson, Hyde, Jerauld, Kingsbury, Lake, Lincoln, Lyman, Marshall, McCook, McPherson, Miner, Minnehaha, Moody, Perkins, Potter, Roberts, Sanborn, Spink, Sully, Todd, Tripp, Turner, Union, Walworth, Yankton",43.5765387,-96.7234621
"St. Paul, MN",,ERO,St. Paul Field Office,TRUE,1 Federal Drive Suite 1601,Fort Snelling,MN,55111,55111,"1 Federal Drive Suite 1601, Fort Snelling, MN 55111","Counties - Aitkin, Anoka, Benton, Big Stone, Blue Earth, Brown, Carlton, Carver, Chippewa, Chisago, Cook, Crow Wing, Dakota, Dodge, Douglas, Faribault, Fillmore, Freeborn, Goodhue, Grant, Hennepin, Houston, Isanti, Kanabec, Kandiyohi, Lac Qui Parle, Lake, Le Sueur, Lyon, McLeod, Martin, Meeker, Mille Lacs, Morrison, Mower, Nicollet, Olmstead, Pine, Pope, Ramsey, Redwood, Renville, Rice, Saint Louis, Scott, Sherburne, Sibley, Searns, Steele, Stevens, Swift, Todd, Traverse, Wabasha, Waseca, Washington, Watonwan, Winona, Wright, Yellow Medicine.",44.8941668,-93.1948264
"Norfolk, VA",,ERO,Washington Field Office,TRUE,200 Granby Street Suite 821,Norfolk,VA,23510,23510,"200 Granby Street Suite 821, Norfolk, VA 23510","Norfolk, Virginia Beach, Suffolk, Portsmouth, Isle of the Wright, James City, Williamsburg, Gloucester, Poquoson, North Hampton, Hampton, South Hampton, Chesapeake, Williamsburg, Newport News, Mathews, Surry, Accomack",36.8485299,-76.290531
"Richmond, VA",,ERO,Washington Field Office,TRUE,9200 Arboretum Parkway Suite 140,North Chesterfield,VA,23236,23236,"9200 Arboretum Parkway Suite 140, North Chesterfield, VA 23236","Counties: Lee, Scott, Wise, Dickenson, Buchanan, Russell, Tazewell, Smyth, Washington, Bland, Wythe, Pulaski, Carroll, Gilles, Montgomery, Floyd, Patrick, Henry, Franklin, Roanoke, Craig, Alleghany, Botetourt, Pittsylvania, Halifax, Mecklenburg, Brunswick, Greensville, Amelia, Powhatan, Amherst, Louisa, Caroline, Dinwiddie, Charlotte, Lunenburg, New Kent, Prince George, Bedford, King George, Richmond, Lancaster, Northumberland, West Moreland, Essex, King and Queen, King William, Prince Edward, Nottoway, Chesterfield, Henrico, Hanover, Fluvanna, Goochland, Spotsylvania, Appomattox, Cumberland, Bedford, Grayson",37.4942488,-77.5686275
"Washington, DC",,ERO,Washington Field Office,TRUE,14797 Murdock Street,Chantilly,VA,20151,20151,"14797 Murdock Street, Chantilly, VA 20151","Fredrick, Clarke, Loudon, Fairfax, Fauquier, Warren, Prince William, Stafford, Culpeper, Page, Shenandoah, Madison, Rockingham, Albemarle, Madison, Orange, Rappahannock, Augusta, Highland, Bath, Rockbridge, and the District of Columbia",38.9114848,-77.4586768
